severity,method,f1_mean,f1_std,precision_mean,precision_std,recall_mean,recall_std,balanced_accuracy_mean,balanced_accuracy_std,false_alert_rate_mean,false_alert_rate_std
0.0,Temporal Logistic Fusion,0.8627250659115757,0.051078659246828154,0.8950282631591773,0.06701611800168493,0.8353038273400653,0.05702450148385909,0.8914546790487139,0.028894979368286937,0.052394469242637576,0.020738799129378642
0.2,Temporal Logistic Fusion,0.8652192010073325,0.045175518290299664,0.906608261585583,0.07932886343372718,0.8317475005619167,0.04408532294693486,0.8934474645757963,0.022488949150019723,0.044852571410324164,0.026954479255834586
0.4,Temporal Logistic Fusion,0.8721848447828613,0.04329675837366779,0.909259952656709,0.06683882399007439,0.8403490777996782,0.03985862924131258,0.8980817416249105,0.022286314224309624,0.04418559454985724,0.02081821234959576
0.6,Temporal Logistic Fusion,0.871490010779147,0.04280374109891184,0.8983813106094092,0.07446749709835249,0.8490143625716022,0.03058366106567102,0.8992748268089168,0.018464336879641663,0.0504647089537687,0.024199414418203464
0.8,Temporal Logistic Fusion,0.8672756382603335,0.045734385860439014,0.8941963497133342,0.07662312411728904,0.8452347971876375,0.03632285335643168,0.8962809858843105,0.020672224226504835,0.05267282541901628,0.02409706151702701
1.0,Temporal Logistic Fusion,0.8616810314489319,0.04582782115582699,0.8779521589678427,0.08165156773259673,0.849736446269708,0.027539764746498475,0.8936669375220345,0.0176686853478239,0.06240257122563876,0.025973786131688194
